time_second,beat_type,rhythm_label,bad_signal_quality,bad_signal_quality_label
2208.661111111111,N,N,False,
2209.3305555555557,N,N,False,
2209.9972222222223,N,N,False,
2210.6666666666665,N,N,False,
2211.3416666666667,N,N,False,
2212.0222222222224,N,N,False,
2212.711111111111,N,N,False,
2213.4083333333333,N,N,False,
2214.1027777777776,N,N,False,
2214.8055555555557,N,N,False,
2215.516666666667,N,N,False,
2216.233333333333,N,N,False,
2216.9555555555557,N,N,False,
2217.6944444444443,N,N,False,
2217.9694444444444,,N,True,Start1
2218.4416666666666,U,N,True,
2219.1722222222224,U,N,True,
2219.9083333333333,U,N,True,
2220.641666666667,N,N,True,
2221.3694444444445,N,N,True,
2222.1,U,N,True,
2222.838888888889,U,N,True,
2223.0694444444443,,N,True,End1
2223.572222222222,N,N,False,
2224.1277777777777,,N,True,Start2
2224.2972222222224,N,N,True,
2225.0222222222224,U,N,True,
2225.75,U,N,True,
2226.4777777777776,U,N,True,
2226.7527777777777,,N,True,End2
2227.2166666666667,N,N,False,
2227.947222222222,N,N,False,
2228.347222222222,,N,True,Start3
2228.6666666666665,U,N,True,
2229.386111111111,U,N,True,
2230.1027777777776,U,N,True,
2230.813888888889,U,N,True,
2231.527777777778,U,N,True,
2232.25,U,N,True,
2232.9666666666667,U,N,True,
2233.677777777778,U,N,True,
2234.3944444444446,U,N,True,
2235.116666666667,U,N,True,
2235.838888888889,U,N,True,
2236.1027777777776,,N,True,End3
2236.5694444444443,N,N,False,
2237.311111111111,N,N,False,
2238.0694444444443,N,N,False,
2238.8305555555557,N,N,False,
2239.6,N,N,False,
2240.088888888889,,N,True,Start4
2240.391666666667,U,N,True,
2241.1805555555557,U,N,True,
2241.9777777777776,U,N,True,
2242.7916666666665,U,N,True,
2243.038888888889,,N,True,End4
2243.5916666666667,N,N,False,
2244.3805555555555,N,N,False,
2245.1694444444443,N,N,False,
2245.947222222222,N,N,False,
2246.7166666666667,N,N,False,
2247.4805555555554,N,N,False,
2248.2527777777777,N,N,False,
2249.016666666667,N,N,False,
2249.786111111111,N,N,False,
2250.572222222222,N,N,False,
2251.3555555555554,N,N,False,
2252.1583333333333,N,N,False,
2252.972222222222,N,N,False,
2253.777777777778,N,N,False,
2254.597222222222,N,N,False,
2255.4305555555557,N,N,False,
2255.8416666666667,,N,True,Start5
2256.2527777777777,N,N,True,
2257.1,U,N,True,
2257.9583333333335,U,N,True,
2258.8416666666667,U,N,True,
2259.4305555555557,,N,True,End5
2259.7083333333335,N,N,False,
2260.5472222222224,N,N,False,
2260.8305555555557,,N,True,Start6
2261.3888888888887,U,N,True,
2262.211111111111,U,N,True,
2262.813888888889,,N,True,End6
2263.0305555555556,N,N,False,
2263.8305555555557,N,N,False,
2264.636111111111,N,N,False,
2265.4527777777776,N,N,False,
2266.2638888888887,N,N,False,
2267.0944444444444,N,N,False,
2267.9333333333334,N,N,False,
2268.4,,N,True,Start7
2268.766666666667,U,N,True,
2269.6055555555554,U,N,True,
2270.4583333333335,U,N,True,
2271.302777777778,U,N,True,
2272.038888888889,,N,True,End7
2272.163888888889,N,N,False,
2273.0194444444446,N,N,False,
2273.6722222222224,,N,True,Start8
2273.8888888888887,U,N,True,
2274.75,U,N,True,
2275.608333333333,U,N,True,
2276.4944444444445,U,N,True,
2277.366666666667,U,N,True,
2278.2555555555555,U,N,True,
2279.1305555555555,U,N,True,
2280.0027777777777,U,N,True,
2280.8944444444446,U,N,True,
2281.7694444444446,U,N,True,
2282.038888888889,,N,True,End8
2282.663888888889,N,N,False,
2283.5694444444443,N,N,False,
2284.4527777777776,N,N,False,
2285.3555555555554,N,N,False,
2286.2694444444446,N,N,False,
2287.175,N,N,False,
2288.108333333333,N,N,False,
2289.0194444444446,N,N,False,
2289.936111111111,N,N,False,
2290.8777777777777,N,N,False,
2291.8055555555557,N,N,False,
2292.713888888889,N,N,False,
2293.277777777778,,N,True,Start9
2293.6055555555554,U,N,True,
2294.4861111111113,U,N,True,
2295.3694444444445,U,N,True,
2296.241666666667,U,N,True,
2297.1055555555554,U,N,True,
2297.9555555555557,U,N,True,
2298.777777777778,U,N,True,
2299.5805555555557,U,N,True,
2300.375,U,N,True,
2301.1444444444446,U,N,True,
2301.4083333333333,,N,True,End9
2301.9055555555556,N,N,False,
2302.6666666666665,N,N,False,
2303.4305555555557,N,N,False,
2304.186111111111,N,N,False,
2304.9527777777776,N,N,False,
2305.25,,N,True,Start10
2305.7277777777776,U,N,True,
2306.5138888888887,U,N,True,
2307.3083333333334,U,N,True,
2308.108333333333,N,N,True,
2308.8944444444446,U,N,True,
2309.686111111111,U,N,True,
2310.491666666667,U,N,True,
2311.286111111111,U,N,True,
2312.1027777777776,N,N,True,
2312.9305555555557,U,N,True,
2313.75,U,N,True,
2314.572222222222,U,N,True,
2315.4166666666665,U,N,True,
2316.2527777777777,U,N,True,
2317.1,U,N,True,
2317.9666666666667,U,N,True,
2318.825,U,N,True,
2319.0944444444444,,N,True,End10
2319.6722222222224,N,N,False,
2320.5416666666665,N,N,False,
2321.108333333333,,N,True,Start11
2321.4055555555556,U,N,True,
2322.2722222222224,U,N,True,
2323.1694444444443,U,N,True,
2323.5805555555557,,N,True,End11
2324.052777777778,N,N,False,
2324.9333333333334,N,N,False,
2325.838888888889,N,N,False,
2326.7305555555554,N,N,False,
2327.641666666667,N,N,False,
2328.5583333333334,N,N,False,
2329.461111111111,N,N,False,
2330.366666666667,N,N,False,
2331.2916666666665,N,N,False,
2332.2055555555557,N,N,False,
2333.15,N,N,False,
2334.086111111111,N,N,False,
2334.588888888889,S,N,False,
2335.927777777778,N,N,False,
2336.838888888889,N,N,False,
2337.758333333333,N,N,False,
2338.4555555555557,S,N,False,
2339.6194444444445,N,N,False,
2340.5305555555556,N,N,False,
2341.4694444444444,N,N,False,
2342.3972222222224,N,N,False,
2343.363888888889,N,N,False,
2344.3194444444443,N,N,False,
2345.266666666667,N,N,False,
2346.2638888888887,N,N,False,
2347.233333333333,N,N,False,
2348.25,N,N,False,
2349.258333333333,N,N,False,
2350.2472222222223,N,N,False,
2351.2694444444446,N,N,False,
2352.2694444444446,N,N,False,
2353.3,N,N,False,
2353.891666666667,,N,True,Start12
2354.338888888889,U,N,True,
2355.3527777777776,U,N,True,
2355.9055555555556,,N,True,End12
2356.4,N,N,False,
2357.4222222222224,N,N,False,
2358.483333333333,N,N,False,
2359.5583333333334,N,N,False,
2360.6027777777776,N,N,False,
2361.675,N,N,False,
2362.3555555555554,,N,True,Start13
2362.738888888889,U,N,True,
2363.822222222222,U,N,True,
2364.1666666666665,,N,True,End13
2364.927777777778,N,N,False,
2365.9972222222223,N,N,False,
2367.1,N,N,False,
2368.2277777777776,N,N,False,
2369.3166666666666,N,N,False,
2370.411111111111,N,N,False,
2371.525,N,N,False,
2372.6222222222223,N,N,False,
2373.733333333333,N,N,False,
2374.8083333333334,N,N,False,
2375.886111111111,N,N,False,
2376.988888888889,N,N,False,
2378.097222222222,N,N,False,
2379.2083333333335,N,N,False,
2380.302777777778,N,N,False,
2381.4222222222224,N,N,False,
2382.5222222222224,N,N,False,
2383.652777777778,N,N,False,
2384.7833333333333,N,N,False,
2385.9055555555556,N,N,False,
2387.036111111111,N,N,False,
2388.1805555555557,N,N,False,
2389.3305555555557,N,N,False,
2390.463888888889,N,N,False,
2391.6194444444445,N,N,False,
2392.7694444444446,N,N,False,
2393.9333333333334,N,N,False,
2395.0777777777776,N,N,False,
2396.222222222222,N,N,False,
2397.3555555555554,N,N,False,
2398.5305555555556,N,N,False,
2399.7027777777776,N,N,False,
2400.838888888889,N,N,False,
2401.988888888889,N,N,False,
2402.6944444444443,S,N,False,
2403.011111111111,,N,True,Start14
2404.338888888889,U,N,True,
2405.0694444444443,S,N,True,
2405.5833333333335,,N,True,End14
2406.6472222222224,N,N,False,
2407.788888888889,N,N,False,
2408.975,N,N,False,
2409.758333333333,S,N,False,
2411.2722222222224,N,N,False,
2412.4305555555557,N,N,False,
2413.6111111111113,N,N,False,
2414.266666666667,S,N,False,
2415.9166666666665,N,N,False,
2417.0805555555557,N,N,False,
2418.266666666667,N,N,False,
2419.461111111111,N,N,False,
2420.6305555555555,N,N,False,
2421.8305555555557,N,N,False,
2423.0055555555555,N,N,False,
2424.238888888889,U,N,False,
2425.0305555555556,S,N,False,
2426.6222222222223,N,N,False,
2427.8055555555557,U,N,False,
2428.613888888889,S,N,False,
2430.175,N,N,False,
2431.3555555555554,N,N,False,
2432.536111111111,N,N,False,
2433.7361111111113,N,N,False,
2434.9194444444443,N,N,False,
2436.1,N,N,False,
2436.5472222222224,S,N,False,
2438.313888888889,N,N,False,
2439.4944444444445,N,N,False,
2440.6916666666666,N,N,False,
2441.152777777778,S,N,False,
2442.9083333333333,N,N,False,
2444.072222222222,U,N,False,
2444.538888888889,S,N,False,
2446.2833333333333,N,N,False,
2447.472222222222,N,N,False,
2448.6194444444445,N,N,False,
2449.786111111111,N,N,False,
2450.972222222222,N,N,False,
2452.1472222222224,N,N,False,
2453.322222222222,N,N,False,
2454.516666666667,N,N,False,
2455.741666666667,N,N,False,
2456.9444444444443,N,N,False,
2458.1666666666665,U,N,False,
2459.4,N,N,False,
2460.6583333333333,N,N,False,
2461.8777777777777,U,N,False,
2463.1194444444445,N,N,False,
2464.358333333333,N,N,False,
2465.588888888889,N,N,False,
2466.8194444444443,N,N,False,
2468.0777777777776,N,N,False,
2469.3055555555557,N,N,False,
2470.5583333333334,U,N,False,
2471.8277777777776,N,N,False,
2473.1027777777776,N,N,False,
2474.3527777777776,N,N,False,
2475.613888888889,N,N,False,
2476.891666666667,N,N,False,
2478.1444444444446,N,N,False,
2479.436111111111,N,N,False,
2480.3305555555557,,N,True,Start15
2480.7722222222224,U,N,True,
2482.0916666666667,U,N,True,
2483.402777777778,U,N,True,
2484.2916666666665,,N,True,End15
2484.6916666666666,N,N,False,
2485.991666666667,N,N,False,
2487.2722222222224,N,N,False,
2488.5694444444443,N,N,False,
2489.8527777777776,N,N,False,
2491.1194444444445,N,N,False,
2492.3972222222224,N,N,False,
2493.052777777778,,N,True,Start16
2493.713888888889,U,N,True,
2495.008333333333,U,N,True,
2495.3166666666666,,N,True,End16
2496.2722222222224,N,N,False,
2497.5222222222224,N,N,False,
2498.7805555555556,N,N,False,
2499.652777777778,,N,True,Start17
2500.036111111111,U,N,True,
2501.261111111111,U,N,True,
2502.463888888889,U,N,True,
2503.6472222222224,U,N,True,
2504.1805555555557,,N,True,End17
2504.8,N,N,False,
2505.925,N,N,False,
2507.025,N,N,False,
2508.0944444444444,N,N,False,
2509.175,N,N,False,
2510.2694444444446,N,N,False,
2511.358333333333,N,N,False,
2512.447222222222,N,N,False,
2513.5305555555556,N,N,False,
2514.6666666666665,N,N,False,
2515.777777777778,N,N,False,
2516.9083333333333,N,N,False,
2518.0138888888887,N,N,False,
2519.161111111111,N,N,False,
2520.2805555555556,N,N,False,
2521.436111111111,N,N,False,
2521.983333333333,,N,True,Start18
2522.5472222222224,U,N,True,
2523.6944444444443,U,N,True,
2524.8194444444443,U,N,True,
2525.9694444444444,U,N,True,
2527.116666666667,U,N,True,
2528.2722222222224,N,N,True,
2529.4083333333333,U,N,True,
2529.8888888888887,V,N,True,
2531.4416666666666,U,N,True,
2532.661111111111,U,N,True,
2533.447222222222,U,N,True,
2533.913888888889,,N,True,End18
2534.886111111111,N,N,False,
2536.0194444444446,N,N,False,
2536.766666666667,S,N,False,
2538.2527777777777,N,N,False,
2539.363888888889,N,N,False,
2540.511111111111,N,N,False,
2541.6555555555556,N,N,False,
2542.8277777777776,U,N,False,
2543.4666666666667,S,N,False,
2545.038888888889,S,N,False,
2546.222222222222,N,N,False,
2547.386111111111,N,N,False,
2548.5416666666665,N,N,False,
2549.7444444444445,N,N,False,
2550.936111111111,N,N,False,
2552.1305555555555,U,N,False,
2553.338888888889,N,N,False,
2554.5138888888887,N,N,False,
2555.713888888889,N,N,False,
2556.186111111111,,N,True,Start19
2556.9,U,N,True,
2558.1111111111113,U,N,True,
2559.3083333333334,U,N,True,
2559.8888888888887,,N,True,End19
2560.508333333333,N,N,False,
2561.722222222222,U,N,False,
2562.925,N,N,False,
2564.136111111111,N,N,False,
2565.3416666666667,N,N,False,
2566.572222222222,N,N,False,
2567.3,S,N,False,
2568.8444444444444,S,N,False,
2570.2,N,N,False,
2571.3972222222224,N,N,False,
2572.5916666666667,N,N,False,
2573.775,N,N,False,
2574.975,N,N,False,
2576.163888888889,N,N,False,
2577.3694444444445,N,N,False,
2578.572222222222,N,N,False,
2579.7805555555556,N,N,False,
2580.983333333333,N,N,False,
2582.1805555555557,N,N,False,
2582.777777777778,,N,True,Start20
2583.3888888888887,U,N,True,
2584.588888888889,U,N,True,
2585.8083333333334,U,N,True,
2586.9583333333335,U,N,True,
2588.116666666667,U,N,True,
2589.3,U,N,True,
2590.472222222222,U,N,True,
2591.6194444444445,U,N,True,
2592.788888888889,U,N,True,
2593.9083333333333,U,N,True,
2594.2194444444444,,N,True,End20
2595.0222222222224,N,N,False,
2595.516666666667,S,N,False,
2596.972222222222,S,N,False,
2598.2972222222224,N,N,False,
2598.663888888889,,N,True,Start21
2599.161111111111,U,N,True,
2600.5555555555557,U,N,True,
2601.6805555555557,U,N,True,
2602.0833333333335,,N,True,End21
2602.85,N,N,False,
2603.988888888889,N,N,False,
2605.1722222222224,N,N,False,
2606.3194444444443,N,N,False,
2607.472222222222,N,N,False,
2608.6222222222223,N,N,False,
2609.7638888888887,N,N,False,
2610.213888888889,,N,True,Start22
2610.9055555555556,U,N,True,
2612.0416666666665,U,N,True,
2612.5583333333334,V,N,True,
2614.0305555555556,U,N,True,
2614.661111111111,,N,True,End22
2615.3944444444446,N,N,False,
2616.55,N,N,False,
2617.697222222222,N,N,False,
2618.8333333333335,N,N,False,
2619.975,N,N,False,
2620.4416666666666,S,N,False,
2621.891666666667,S,N,False,
2622.516666666667,,N,True,Start23
2623.25,U,N,True,
2624.413888888889,U,N,True,
2625.5666666666666,U,N,True,
2626.7194444444444,U,N,True,
2627.863888888889,U,N,True,
2629.011111111111,U,N,True,
2630.161111111111,U,N,True,
2631.3166666666666,U,N,True,
2631.883333333333,,N,True,End23
2632.472222222222,N,N,False,
2633.6277777777777,N,N,False,
2634.8,N,N,False,
2635.961111111111,N,N,False,
2637.1444444444446,N,N,False,
2638.3083333333334,N,N,False,
2639.4944444444445,N,N,False,
2640.675,N,N,False,
2641.866666666667,N,N,False,
2642.516666666667,,N,True,Start24
2643.036111111111,U,N,True,
2644.2055555555557,U,N,True,
2645.3972222222224,U,N,True,
2646.5916666666667,U,N,True,
2647.2805555555556,,N,True,End24
2647.811111111111,N,N,False,
2648.4083333333333,,N,True,Start25
2648.9972222222223,U,N,True,
2650.1916666666666,U,N,True,
2651.3888888888887,U,N,True,
2651.7555555555555,,N,True,End25
2652.588888888889,N,N,False,
2653.0833333333335,,N,True,Start26
2653.775,U,N,True,
2654.9666666666667,U,N,True,
2656.1722222222224,U,N,True,
2656.8416666666667,,N,True,End26
2657.3694444444445,N,N,False,
2658.5777777777776,N,N,False,
2659.777777777778,N,N,False,
2660.988888888889,N,N,False,
2662.1916666666666,N,N,False,
2663.4,N,N,False,
2664.613888888889,N,N,False,
2665.8055555555557,N,N,False,
2666.2361111111113,,N,True,Start27
2667.025,N,N,True,
2668.2305555555554,N,N,True,
2669.438888888889,N,N,True,
2669.7833333333333,,N,True,End27
2670.6305555555555,N,N,False,
2671.8416666666667,N,N,False,
2672.508333333333,S,N,False,
2673.9055555555556,S,N,False,
2674.5666666666666,,N,True,Start28
2675.2472222222223,U,N,True,
2676.5694444444443,U,N,True,
2677.813888888889,U,N,True,
2678.8083333333334,U,N,True,
2680.188888888889,N,N,True,
2680.822222222222,U,N,True,
2681.427777777778,U,N,True,
2682.6305555555555,U,N,True,
2683.3277777777776,V,N,True,
2684.713888888889,S,N,True,
2686.0305555555556,U,N,True,
2687.3305555555557,U,N,True,
2688.061111111111,U,N,True,
2689.436111111111,U,N,True,
2690.741666666667,U,N,True,
2691.5555555555557,U,N,True,
2692.925,U,N,True,
2693.3611111111113,,N,True,End28
2694.222222222222,S,N,False,
2695.025,,N,True,Start29
2695.5055555555555,U,N,True,
2696.741666666667,U,N,True,
2697.4861111111113,V,N,True,
2698.85,U,N,True,
2700.133333333333,S,N,True,
2700.983333333333,U,N,True,
2702.338888888889,U,N,True,
2703.616666666667,U,N,True,
2704.8166666666666,N,N,True,
2705.961111111111,U,N,True,
2707.1111111111113,U,N,True,
2708.275,U,N,True,
2709.4305555555557,N,N,True,
2710.6,U,N,True,
2711.766666666667,U,N,True,
2712.927777777778,U,N,True,
2713.4416666666666,,N,True,End29
2714.0944444444444,N,N,False,
2715.2527777777777,N,N,False,
2716.4194444444443,N,N,False,
2717.5805555555557,N,N,False,
2718.1444444444446,,N,True,Start30
2718.758333333333,U,N,True,
2719.9333333333334,U,N,True,
2721.1194444444445,U,N,True,
2722.3,U,N,True,
2723.4861111111113,U,N,True,
2723.7944444444443,,N,True,End30
2724.6694444444443,N,N,False,
2725.8444444444444,N,N,False,
2726.625,,N,True,Start31
2727.0305555555556,U,N,True,
2728.2,U,N,True,
2729.3722222222223,U,N,True,
2730.5444444444443,U,N,True,
2731.7444444444445,U,N,True,
2732.9222222222224,U,N,True,
2734.1222222222223,U,N,True,
2735.3166666666666,U,N,True,
2735.9194444444443,,N,True,End31
2736.5,N,N,False,
2737.688888888889,N,N,False,
2738.8694444444445,N,N,False,
2740.063888888889,N,N,False,
2741.258333333333,N,N,False,
2742.4527777777776,N,N,False,
2743.633333333333,N,N,False,
2744.8194444444443,N,N,False,
2746.0027777777777,N,N,False,
2747.1944444444443,N,N,False,
2748.3888888888887,N,N,False,
2749.572222222222,N,N,False,
2750.7638888888887,N,N,False,
2751.9555555555557,N,N,False,
2753.1555555555556,N,N,False,
2754.347222222222,N,N,False,
2755.552777777778,N,N,False,
2756.7472222222223,N,N,False,
2757.947222222222,N,N,False,
2759.1472222222224,N,N,False,
2760.347222222222,N,N,False,
2761.55,N,N,False,
2762.7472222222223,N,N,False,
2763.9527777777776,N,N,False,
2765.15,N,N,False,
2766.3555555555554,N,N,False,
2767.552777777778,N,N,False,
2768.7555555555555,N,N,False,
2769.9555555555557,N,N,False,
2771.15,N,N,False,
2772.3527777777776,N,N,False,
2773.538888888889,N,N,False,
2774.741666666667,N,N,False,
2775.9333333333334,N,N,False,
2777.1388888888887,N,N,False,
2778.338888888889,N,N,False,
2779.5305555555556,N,N,False,
2780.7277777777776,N,N,False,
2781.913888888889,N,N,False,
2783.113888888889,N,N,False,
2784.2944444444443,N,N,False,
2785.4972222222223,N,N,False,
2786.6944444444443,N,N,False,
2787.886111111111,N,N,False,
2789.086111111111,N,N,False,
2790.277777777778,N,N,False,
2791.4805555555554,N,N,False,
2792.1222222222223,S,SND,False,
2793.4305555555557,S,SND,False,
2794.1805555555557,S,SND,False,
2795.491666666667,S,SND,False,
2796.741666666667,S,SND,False,
2797.5416666666665,S,SND,False,
2798.85,S,SND,False,
2800.0944444444444,S,SND,False,
2801.325,S,SND,False,
2802.552777777778,S,SND,False,
2803.7805555555556,S,SND,False,
2804.5666666666666,S,SND,False,
2805.8694444444445,S,SND,False,
2807.1,S,SND,False,
2808.322222222222,S,SND,False,
2809.5416666666665,S,SND,False,
2810.758333333333,S,SND,False,
2811.972222222222,N,N,False,
2813.1583333333333,N,N,False,
2814.3,N,N,False,
2815.45,N,N,False,
2816.6,N,N,False,
2817.7555555555555,N,N,False,
2818.9166666666665,N,N,False,
2820.075,N,N,False,
2820.813888888889,S,SND,False,
2822.1,S,SND,False,
2823.3277777777776,S,SND,False,
2824.538888888889,S,SND,False,
2825.75,S,SND,False,
2826.9583333333335,S,SND,False,
2828.1583333333333,N,SND,False,
2828.9166666666665,S,SND,False,
2830.2027777777776,S,SND,False,
2831.413888888889,S,SND,False,
2832.616666666667,S,SND,False,
2833.8166666666666,S,SND,False,
2835.0222222222224,N,N,False,
2836.177777777778,N,N,False,
2837.313888888889,N,N,False,
2838.4583333333335,N,N,False,
2839.616666666667,N,N,False,
2840.366666666667,S,N,False,
2841.641666666667,S,SND,False,
2842.8527777777776,S,SND,False,
2844.0555555555557,S,SND,False,
2845.2527777777777,S,SND,False,
2846.447222222222,S,SND,False,
2847.641666666667,N,N,False,
2848.825,N,N,False,
2849.983333333333,N,N,False,
2851.133333333333,N,N,False,
2852.2722222222224,N,N,False,
2853.4222222222224,N,N,False,
2854.572222222222,N,N,False,
2855.733333333333,N,N,False,
2856.8944444444446,N,N,False,
2858.0555555555557,N,N,False,
2859.211111111111,N,N,False,
2860.3722222222223,N,N,False,
2861.536111111111,N,N,False,
2862.7,N,N,False,
2863.863888888889,N,N,False,
2865.027777777778,N,N,False,
2866.188888888889,N,N,False,
2867.3527777777776,N,N,False,
2868.5222222222224,N,N,False,
2869.686111111111,N,N,False,
2870.8555555555554,N,N,False,
2872.0138888888887,N,N,False,
2873.177777777778,N,N,False,
2874.3416666666667,N,N,False,
2875.508333333333,N,N,False,
2876.6666666666665,N,N,False,
2877.836111111111,N,N,False,
2879.0027777777777,N,N,False,
2880.1722222222224,N,N,False,
2881.3444444444444,N,N,False,
2882.5222222222224,N,N,False,
2883.7055555555557,N,N,False,
2884.886111111111,N,N,False,
2886.072222222222,N,N,False,
2887.2527777777777,N,N,False,
2888.438888888889,N,N,False,
2889.6194444444445,N,N,False,
2890.8055555555557,N,N,False,
2891.9861111111113,N,N,False,
2893.1722222222224,N,N,False,
2894.35,N,N,False,
2895.5222222222224,N,N,False,
2896.7,N,N,False,
2897.8694444444445,N,N,False,
2899.052777777778,N,N,False,
2900.2305555555554,N,N,False,
2901.4083333333333,N,N,False,
2902.586111111111,N,N,False,
2903.7638888888887,N,N,False,
2904.936111111111,N,N,False,
2906.113888888889,N,N,False,
2907.286111111111,N,N,False,
2908.461111111111,N,N,False,
2909.633333333333,N,N,False,
2910.802777777778,N,N,False,
2911.972222222222,N,N,False,
2913.1388888888887,N,N,False,
2914.311111111111,N,N,False,
2915.4805555555554,N,N,False,
2916.6472222222224,N,N,False,
2917.8166666666666,N,N,False,
2918.9861111111113,N,N,False,
2920.152777777778,N,N,False,
2921.3166666666666,N,N,False,
2922.4777777777776,N,N,False,
2923.6444444444446,N,N,False,
2924.813888888889,N,N,False,
2925.9805555555554,N,N,False,
2927.1555555555556,N,N,False,
2928.325,N,N,False,
2929.491666666667,N,N,False,
2930.6555555555556,N,N,False,
2931.8166666666666,N,N,False,
2932.9777777777776,N,N,False,
2934.136111111111,N,N,False,
2935.3,N,N,False,
2936.463888888889,N,N,False,
2937.625,N,N,False,
2938.788888888889,N,N,False,
2939.9333333333334,N,N,False,
2941.0694444444443,N,N,False,
2942.2055555555557,N,N,False,
2943.338888888889,N,N,False,
2944.472222222222,N,N,False,
2945.6055555555554,N,N,False,
2946.733333333333,N,N,False,
2947.863888888889,N,N,False,
2948.991666666667,N,N,False,
2950.1222222222223,N,N,False,
2951.241666666667,N,N,False,
2952.363888888889,N,N,False,
2953.4805555555554,N,N,False,
2954.6,N,N,False,
2955.713888888889,N,N,False,
2956.8277777777776,N,N,False,
2957.9444444444443,N,N,False,
2959.0666666666666,N,N,False,
2959.7361111111113,S,SND,False,
2960.9972222222223,S,SND,False,
2962.2027777777776,S,SND,False,
2962.9166666666665,S,SND,False,
2964.1833333333334,S,SND,False,
2965.383333333333,S,SND,False,
2966.1722222222224,S,SND,False,
2967.4416666666666,S,SND,False,
2968.636111111111,S,SND,False,
2969.411111111111,S,SND,False,
2970.677777777778,S,SND,False,
2971.8722222222223,S,SND,False,
2973.061111111111,S,SND,False,
2974.2444444444445,S,SND,False,
2975.366666666667,N,N,False,
2976.461111111111,N,N,False,
2977.55,N,N,False,
2978.625,N,N,False,
2979.7055555555557,N,N,False,
2980.7805555555556,N,N,False,
2981.8527777777776,N,N,False,
2982.9305555555557,N,N,False,
2984.0194444444446,N,N,False,
2985.1055555555554,N,N,False,
2986.1916666666666,N,N,False,
2987.277777777778,N,N,False,
2988.366666666667,N,N,False,
2988.8444444444444,S,SND,False,
2990.116666666667,S,SND,False,
2991.3416666666667,S,SND,False,
2992.538888888889,S,SND,False,
2993.311111111111,S,SND,False,
2994.5833333333335,S,SND,False,
2995.7833333333333,U,SND,False,
2996.8444444444444,N,N,False,
2997.8972222222224,N,N,False,
2998.9527777777776,N,N,False,
3000.0138888888887,N,N,False,
3001.075,N,N,False,
3002.1444444444446,N,N,False,
3003.2027777777776,N,N,False,
3004.266666666667,N,N,False,
3004.7361111111113,S,SND,False,
3006.008333333333,S,SND,False,
3007.241666666667,S,SND,False,
3007.9777777777776,S,SND,False,
3009.2555555555555,S,SND,False,
3010.4694444444444,S,SND,False,
3011.6666666666665,N,N,False,
3012.527777777778,S,N,False,
3013.7916666666665,N,N,False,
3014.8527777777776,N,N,False,
3015.8888888888887,N,N,False,
3016.95,N,N,False,
3018.0055555555555,N,N,False,
3019.063888888889,N,N,False,
3020.1222222222223,N,N,False,
3021.1805555555557,N,N,False,
3021.936111111111,S,SND,False,
3023.2166666666667,S,SND,False,
3024.038888888889,S,SND,False,
3025.3194444444443,S,SND,False,
3026.4583333333335,N,N,False,
3027.508333333333,N,N,False,
3028.55,N,N,False,
3029.5944444444444,N,N,False,
3030.6388888888887,N,N,False,
3031.6944444444443,N,N,False,
3032.741666666667,N,N,False,
3033.8,N,N,False,
3034.8555555555554,N,N,False,
3035.9083333333333,N,N,False,
3036.963888888889,N,N,False,
3038.0222222222224,N,N,False,
3039.0805555555557,N,N,False,
3040.133333333333,N,N,False,
3041.177777777778,N,N,False,
3042.2166666666667,N,N,False,
3043.261111111111,N,N,False,
3044.311111111111,N,N,False,
3045.363888888889,N,N,False,
3046.4083333333333,N,N,False,
3047.4583333333335,N,N,False,
3048.511111111111,N,N,False,
3049.561111111111,N,N,False,
3050.613888888889,N,N,False,
3051.6694444444443,N,N,False,
3052.722222222222,N,N,False,
3053.777777777778,N,N,False,
3054.8277777777776,N,N,False,
3055.883333333333,N,N,False,
3056.9305555555557,N,N,False,
3057.9805555555554,N,N,False,
3059.027777777778,N,N,False,
3060.0805555555557,N,N,False,
3061.1305555555555,N,N,False,
3062.1805555555557,N,N,False,
3062.6444444444446,S,SND,False,
3063.9527777777776,S,SND,False,
3065.2194444444444,S,SND,False,
3066.3277777777776,N,N,False,
3067.35,N,N,False,
3068.375,N,N,False,
3069.402777777778,N,N,False,
3070.4333333333334,N,N,False,
3071.463888888889,N,N,False,
3072.4972222222223,N,N,False,
3073.5333333333333,N,N,False,
3074.572222222222,N,N,False,
3075.613888888889,N,N,False,
3076.65,N,N,False,
3077.6833333333334,N,N,False,
3078.722222222222,N,N,False,
3079.761111111111,N,N,False,
3080.8,N,N,False,
3081.838888888889,N,N,False,
3082.883333333333,N,N,False,
3083.9305555555557,N,N,False,
3084.972222222222,N,N,False,
3086.011111111111,N,N,False,
3087.052777777778,N,N,False,
3088.088888888889,N,N,False,
3089.1277777777777,N,N,False,
3090.1694444444443,N,N,False,
3091.2166666666667,N,N,False,
3092.258333333333,N,N,False,
3093.2916666666665,N,N,False,
3094.3305555555557,N,N,False,
3095.3722222222223,N,N,False,
3096.413888888889,N,N,False,
3097.45,N,N,False,
3098.491666666667,N,N,False,
3099.536111111111,N,N,False,
3100.5805555555557,N,N,False,
3101.613888888889,N,N,False,
3102.6472222222224,N,N,False,
3103.6833333333334,N,N,False,
3104.722222222222,N,SR-mPAC-BT,False,
3105.188888888889,S,SR-mPAC-BT,False,
3106.525,S,SR-mPAC-BT,False,
3107.7972222222224,N,SR-mPAC-BT,False,
3108.8194444444443,N,SR-mPAC-BT,False,
3109.5666666666666,S,SR-mPAC-BT,False,
3110.8805555555555,N,SR-mPAC-BT,False,
3111.8972222222224,N,SR-mPAC-BT,False,
3112.927777777778,N,SR-mPAC-BT,False,
3113.6222222222223,S,SR-mPAC-BT,False,
3114.961111111111,U,SR-mPAC-BT,False,
3115.7444444444445,S,SR-mPAC-BT,False,
3117.05,N,SR-mPAC-BT,False,
3118.072222222222,N,SR-mPAC-BT,False,
3118.8305555555557,S,SR-mPAC-BT,False,
3120.1222222222223,U,N,False,
3121.141666666667,N,N,False,
3122.1555555555556,U,N,False,
3123.1694444444443,N,N,False,
3124.1916666666666,N,N,False,
3124.95,S,N,False,
3126.2444444444445,N,N,False,
3127.2555555555555,N,N,False,
3128.266666666667,N,N,False,
3129.2805555555556,N,N,False,
3130.2944444444443,N,N,False,
3131.3166666666666,N,N,False,
3132.336111111111,N,N,False,
3133.3611111111113,N,N,False,
3134.383333333333,N,N,False,
3135.402777777778,N,N,False,
3136.188888888889,S,N,False,
3137.45,N,N,False,
3138.463888888889,U,N,False,
3139.4694444444444,N,N,False,
3140.175,S,N,False,
3141.5055555555555,U,N,False,
3142.5055555555555,N,N,False,
3143.5055555555555,N,N,False,
3144.5027777777777,U,N,False,
3145.5027777777777,U,N,False,
3146.5,N,N,False,
3147.5055555555555,N,N,False,
3148.511111111111,N,N,False,
3149.516666666667,N,N,False,
3150.5222222222224,N,N,False,
3151.5305555555556,N,N,False,
3152.5333333333333,N,N,False,
3153.5444444444443,N,N,False,
3154.5583333333334,N,N,False,
3155.575,N,N,False,
3156.5916666666667,N,N,False,
3157.6055555555554,N,N,False,
3158.6194444444445,N,N,False,
3159.6388888888887,N,N,False,
3160.65,N,N,False,
3161.652777777778,U,N,False,
3162.6583333333333,U,N,False,
3163.6666666666665,N,N,False,
3164.6833333333334,N,N,False,
3165.386111111111,,,True,Start32
3165.6916666666666,U,N,True,
3166.7027777777776,U,N,True,
3167.7166666666667,N,N,True,
3168.7361111111113,U,N,True,
3169.7555555555555,U,N,True,
3170.7722222222224,U,N,True,
3171.7944444444443,U,N,True,
3172.7972222222224,,,True,End32
3172.813888888889,N,N,False,
3173.8277777777776,N,N,False,
3174.838888888889,N,N,False,
3175.8527777777776,N,N,False,
3176.613888888889,,,True,Start33
3176.8722222222223,U,N,True,
3177.886111111111,U,N,True,
3178.902777777778,U,N,True,
3179.9194444444443,U,N,True,
3180.938888888889,U,N,True,
3181.552777777778,,,True,End33
3181.9583333333335,N,N,False,
3182.9694444444444,N,N,False,
3183.9805555555554,N,N,False,
3184.9944444444445,N,N,False,
3186.008333333333,N,N,False,
3187.0194444444446,N,N,False,
3188.036111111111,N,N,False,
3189.0555555555557,N,N,False,
3190.072222222222,N,N,False,
3191.086111111111,U,N,False,
3192.1,U,N,False,
3193.1055555555554,N,N,False,
3194.113888888889,N,N,False,
3195.1277777777777,N,N,False,
3196.136111111111,N,N,False,
3197.15,N,N,False,
3198.163888888889,N,N,False,
3199.1805555555557,N,N,False,
3200.188888888889,N,N,False,
3201.2027777777776,N,N,False,
3202.211111111111,N,N,False,
3203.222222222222,N,N,False,
3204.2277777777776,N,N,False,
3205.241666666667,N,N,False,
3206.25,N,N,False,
3207.266666666667,N,N,False,
3208.2805555555556,N,N,False,
3209.288888888889,N,N,False,
3210.302777777778,N,N,False,
3211.325,N,N,False,
3212.3416666666667,N,N,False,
3213.3527777777776,N,N,False,
3214.366666666667,N,N,False,
3215.386111111111,N,N,False,
3216.3944444444446,N,N,False,
3217.0777777777776,S,N,False,
3218.4222222222224,N,N,False,
3218.6583333333333,,,True,Start34
3219.2277777777776,U,N,True,
3220.4555555555557,U,N,True,
3221.4583333333335,U,N,True,
3222.1944444444443,U,N,True,
3223.061111111111,,,True,End34
3223.4777777777776,N,N,False,
3224.3277777777776,,,True,Start35
3224.483333333333,U,N,True,
3225.4777777777776,U,N,True,
3226.4805555555554,U,N,True,
3227.475,U,N,True,
3228.363888888889,,,True,End35
3228.4777777777776,U,N,False,
3229.2027777777776,S,N,False,
3230.4944444444445,N,N,False,
3231.2555555555555,,,True,Start36
3231.488888888889,N,N,True,
3232.4861111111113,U,N,True,
3233.483333333333,S,N,True,
3233.9194444444443,U,N,True,
3234.4861111111113,U,N,True,
3235.483333333333,U,N,True,
3236.4805555555554,N,N,True,
3237.4805555555554,U,N,True,
3238.483333333333,U,N,True,
3239.4972222222223,U,N,True,
3239.866666666667,,,True,End36
3240.5,N,N,False,
3241.5027777777777,N,N,False,
3242.508333333333,N,N,False,
3243.2361111111113,,,True,Start37
3243.5194444444446,U,N,True,
3244.525,U,N,True,
3245.5333333333333,U,N,True,
3246.5444444444443,U,N,True,
3247.5472222222224,N,N,True,
3248.552777777778,N,N,True,
3249.563888888889,U,N,True,
3250.572222222222,U,N,True,
3251.5833333333335,U,N,True,
3252.586111111111,U,N,True,
3253.588888888889,N,N,True,
3254.597222222222,U,N,True,
3255.6,U,N,True,
3256.6027777777776,U,N,True,
3257.608333333333,U,N,True,
3258.6222222222223,U,N,True,
3259.6305555555555,U,N,True,
3260.6388888888887,U,N,True,
3261.641666666667,U,N,True,
3261.9083333333333,U,N,True,
3262.65,U,N,True,
3263.072222222222,U,N,True,
3263.6555555555556,U,N,True,
3264.6583333333333,N,N,True,
3265.6666666666665,U,N,True,
3266.6805555555557,U,N,True,
3267.6916666666666,U,N,True,
3268.6944444444443,N,N,True,
3269.697222222222,U,N,True,
3270.7,U,N,True,
3271.7083333333335,U,N,True,
3272.7166666666667,U,N,True,
3273.722222222222,N,N,True,
3274.7277777777776,U,N,True,
3275.733333333333,U,N,True,
3276.738888888889,N,N,True,
3277.7444444444445,U,N,True,
3278.2083333333335,U,N,True,
3278.75,U,N,True,
3279.7555555555555,U,N,True,
3280.7694444444446,U,N,True,
3281.1277777777777,,,True,End37
3281.7722222222224,N,N,False,
3282.777777777778,N,N,False,
3283.786111111111,N,N,False,
3284.802777777778,N,N,False,
3285.8055555555557,N,N,False,
3286.8083333333334,N,N,False,
3287.813888888889,N,N,False,
3288.3,,,True,Start38
3288.822222222222,U,N,True,
3289.3416666666667,S,N,True,
3289.516666666667,U,N,True,
3290.8555555555554,U,N,True,
3291.858333333333,U,N,True,
3292.3722222222223,U,N,True,
3292.863888888889,U,N,True,
3293.8694444444445,N,N,True,
3294.875,U,N,True,
3295.338888888889,U,N,True,
3296.1222222222223,U,N,True,
3296.6555555555556,U,N,True,
3297.266666666667,U,N,True,
3297.8777777777777,U,N,True,
3298.1027777777776,,,True,End38
3298.8805555555555,N,N,False,
3299.8777777777777,N,N,False,
3300.8694444444445,U,N,False,
3301.8694444444445,U,N,False,
3302.8611111111113,N,N,False,
3303.858333333333,N,N,False,
3304.8527777777776,N,N,False,
3305.8555555555554,N,N,False,
3306.8527777777776,N,N,False,
3307.8527777777776,N,N,False,
3308.8555555555554,N,N,False,
3309.8555555555554,N,N,False,
3310.563888888889,S,N,False,
3311.8805555555555,N,N,False,
3312.8805555555555,N,N,False,
3313.883333333333,N,N,False,
3314.886111111111,N,N,False,
3315.5222222222224,S,N,False,
3316.8527777777776,S,N,False,
3317.613888888889,S,N,False,
3318.902777777778,N,N,False,
3319.8888888888887,N,N,False,
3320.883333333333,N,N,False,
3321.875,N,N,False,
3322.875,N,N,False,
3323.8694444444445,N,N,False,
3324.8611111111113,N,N,False,
3325.863888888889,N,N,False,
3326.863888888889,N,N,False,
3327.6305555555555,S,N,False,
3328.8777777777777,N,N,False,
3329.875,N,N,False,
3330.8694444444445,N,N,False,
3331.8722222222223,N,N,False,
3332.8694444444445,N,N,False,
3333.8694444444445,N,N,False,
3334.863888888889,N,N,False,
3335.866666666667,N,N,False,
3336.866666666667,N,N,False,
3337.8694444444445,N,N,False,
3338.8722222222223,N,N,False,
3339.8777777777777,N,N,False,
3340.8888888888887,N,N,False,
3341.8972222222224,N,N,False,
3342.9,N,N,False,
3343.9083333333333,N,N,False,
3344.9166666666665,N,N,False,
3345.9194444444443,N,N,False,
3346.927777777778,N,N,False,
3347.936111111111,N,N,False,
3348.947222222222,N,N,False,
3349.963888888889,N,N,False,
3350.975,N,N,False,
3351.9861111111113,N,N,False,
3353.0,N,N,False,
3354.0194444444446,N,N,False,
3355.0305555555556,N,N,False,
3356.0444444444443,U,N,False,
3357.063888888889,U,N,False,
3358.0833333333335,N,N,False,
3359.1,N,N,False,
3360.1111111111113,N,N,False,
3361.1305555555555,N,N,False,
3362.152777777778,N,N,False,
3363.1666666666665,N,N,False,
3364.1833333333334,N,N,False,
3365.1944444444443,N,N,False,
3366.211111111111,U,N,False,
3367.2194444444444,N,N,False,
3368.2277777777776,N,N,False,
3369.233333333333,N,N,False,
3370.2527777777777,N,N,False,
3371.2638888888887,N,N,False,
3372.277777777778,U,N,False,
3373.3,N,N,False,
3374.3194444444443,N,N,False,
3375.336111111111,N,N,False,
3376.35,N,N,False,
3377.366666666667,N,N,False,
3378.3888888888887,N,N,False,
3379.411111111111,N,N,False,
3380.427777777778,N,N,False,
3381.4444444444443,N,N,False,
3382.4666666666667,N,N,False,
3383.4972222222223,U,N,False,
3384.5305555555556,N,N,False,
3385.552777777778,U,N,False,
3386.5444444444443,U,N,False,
3387.552777777778,N,N,False,
3388.5555555555557,N,N,False,
3389.5555555555557,N,N,False,
3390.563888888889,U,N,False,
3391.5777777777776,U,N,False,
3392.5833333333335,U,N,False,
3393.5666666666666,N,N,False,
3394.5472222222224,N,N,False,
3395.525,N,N,False,
3396.511111111111,N,N,False,
3397.491666666667,N,N,False,
3398.4777777777776,N,N,False,
3399.463888888889,N,N,False,
3400.4583333333335,N,N,False,
3401.447222222222,N,N,False,
3402.438888888889,N,N,False,
3403.427777777778,N,N,False,
